Workbook

Sheet Sheet1
A1: No. | B1: timestamp | C1: batch_no | D1: inlet_temp( C ) | E1: moisture(%) | F1: line_speed(m/min) | G1: alarm_code | H1: operator_shift | I1: qc_result
A2: 1 | B2: 0.33333333 | C2: B-01 | D2: 78.2 | E2: 11.8 | F2: 2.5 | G2: none | H2: A | I2: PASS
A3: 2 | B3: 0.34027778 | C3: B-01 | D3: 77.5 | E3: 12.4 | F3: 2.5 | G3: A12 | H3: A | I3: PASS
A4: 3 | B4: 0.34722222 | C4: B-01 | D4: 76.8 | E4: 12.9 | F4: 2.4 | G4: A12 | H4: A | I4: PASS
A5: 4 | B5: 0.35416667 | C5: B-02 | D5: 79.1 | E5: 11.5 | F5: 2.6 | G5: none | H5: A | I5: PASS
A6: 5 | B6: 0.36111111 | C6: B-02 | D6: 76.8 | E6: 12.7 | F6: 2.5 | G6: A07 | H6: A | I6: FAIL
A7: 6 | B7: 0.36805556 | C7: B-02 | D7: 75.9 | E7: 13.1 | F7: 2.5 | G7: A07 | H7: A | I7: FAIL
A8: 7 | B8: 0.375 | C8: B-03 | D8: 74.8 | E8: 13.5 | F8: 2.7 | G8: A15 | H8: A | I8: FAIL
A9: 8 | B9: 0.38194444 | C9: B-03 | D9: 74.5 | E9: 13.4 | F9: 2.7 | G9: A15 | H9: B | I9: FAIL
A10: 9 | B10: 0.38888889 | C10: B-03 | D10: 74.1 | E10: 13 | F10: 2.8 | G10: none | H10: B | I10: FAIL
A11: 10 | B11: 0.39583333 | C11: B-04 | D11: 73.8 | E11: 11.2 | F11: 2.6 | G11: none | H11: C | I11: PASS

Sheet Simple_DT
A1: Simple Decision Tree Example (Excel) - Drying Mango
A2: ตัวอย่างสำหรับการเรียนการสอน: ใช้ threshold ง่ายๆ ใน Excel เพื่อจำแนก PASS/FAIL จากข้อมูลกระบวนการผลิต
A4: Thresholds (editable) | D4: Decision tree logic (rule-based model) | K4: Teaching note
A5: Moisture cutoff | B5: 13 | C5: % | D5: 1) If moisture >=Moisture cutoff -> FAIL | K5: decision tree แบบง่ายเพื่อสาธิตใน Excel เท่านั้น หมายเหตุ: ถ้า moisture เป็นค่าที่รู้หลัง QC จริง ไม่ควรใช้เพื่อทำ forward prediction ในงานจริง (data leakage) แต่สามารถใช้ในชั้นเรียนเพื่อให้เห็นหลักการ classification ได้
A6: Temp cutoff | B6: 76.5 | C6: °C | D6: 2) Else if alarm_present=1 and temp < cutoff and speed >= cutoff -> FAIL
A7: Line speed cutoff | B7: 2.6 | C7: m/min | D7: 3) Else -> PASS
A8: Summary | H8: Confusion matrix
A9: Total rows | B9: =COUNTA(A14:A23) -> 10 | I9: Pred PASS | J9: Pred FAIL
A10: Correct predictions | B10: =COUNTIF(N14:N23,"Yes") -> 9 | H10: Actual PASS | I10: =COUNTIFS(M14:M23,"PASS",I14:I23,"PASS") -> 5 | J10: =COUNTIFS(M14:M23,"FAIL",I14:I23,"PASS") -> 0
A11: Accuracy | B11: =IF(B9=0,"",B10/B9) -> 0.9 | H11: Actual FAIL | I11: =COUNTIFS(M14:M23,"PASS",I14:I23,"FAIL") -> 1 | J11: =COUNTIFS(M14:M23,"FAIL",I14:I23,"FAIL") -> 4
A13: No. | B13: timestamp | C13: batch_no | D13: inlet_temp | E13: moisture | F13: line_speed | G13: alarm_code | H13: operator_shift | I13: qc_result | J13: alarm_present | K13: rule_1_moisture | L13: rule_2_alarm-temp-speed | M13: predicted_qc | N13: actual_match? | O13: scorecard | P13: explanation
A14: =Sheet1!A2 -> 1 | B14: =Sheet1!B2 -> 0.33333333 | C14: =Sheet1!C2 -> B-01 | D14: =Sheet1!D2 -> 78.2 | E14: =Sheet1!E2 -> 11.8 | F14: =Sheet1!F2 -> 2.5 | G14: =Sheet1!G2 -> none | H14: =Sheet1!H2 -> A | I14: =Sheet1!I2 -> PASS | J14: =IF(OR(G14="none",G14="-",G14="N/A"),0,1) -> 0 | K14: =IF(E14>=$B$5,1,0) -> 0 | L14: =IF(AND(J14=1,D14<$B$6,F14>=$B$7),1,0) -> 0 | M14: =IF(K14=1,"FAIL",IF(L14=1,"FAIL","PASS")) -> PASS | N14: =IF(M14=I14,"Yes","No") -> Yes | O14: =K14+L14 -> 0 | P14: =IF(K14=1,"moisture high",IF(L14=1,"alarm + temp low + speed high","else pass")) -> else pass
A15: =Sheet1!A3 -> 2 | B15: =Sheet1!B3 -> 0.34027778 | C15: =Sheet1!C3 -> B-01 | D15: =Sheet1!D3 -> 77.5 | E15: =Sheet1!E3 -> 12.4 | F15: =Sheet1!F3 -> 2.5 | G15: =Sheet1!G3 -> A12 | H15: =Sheet1!H3 -> A | I15: =Sheet1!I3 -> PASS | J15: =IF(OR(G15="none",G15="-",G15="N/A"),0,1) -> 1 | K15: =IF(E15>=$B$5,1,0) -> 0 | L15: =IF(AND(J15=1,D15<$B$6,F15>=$B$7),1,0) -> 0 | M15: =IF(K15=1,"FAIL",IF(L15=1,"FAIL","PASS")) -> PASS | N15: =IF(M15=I15,"Yes","No") -> Yes | O15: =K15+L15 -> 0 | P15: =IF(K15=1,"moisture high",IF(L15=1,"alarm + temp low + speed high","else pass")) -> else pass
A16: =Sheet1!A4 -> 3 | B16: =Sheet1!B4 -> 0.34722222 | C16: =Sheet1!C4 -> B-01 | D16: =Sheet1!D4 -> 76.8 | E16: =Sheet1!E4 -> 12.9 | F16: =Sheet1!F4 -> 2.4 | G16: =Sheet1!G4 -> A12 | H16: =Sheet1!H4 -> A | I16: =Sheet1!I4 -> PASS | J16: =IF(OR(G16="none",G16="-",G16="N/A"),0,1) -> 1 | K16: =IF(E16>=$B$5,1,0) -> 0 | L16: =IF(AND(J16=1,D16<$B$6,F16>=$B$7),1,0) -> 0 | M16: =IF(K16=1,"FAIL",IF(L16=1,"FAIL","PASS")) -> PASS | N16: =IF(M16=I16,"Yes","No") -> Yes | O16: =K16+L16 -> 0 | P16: =IF(K16=1,"moisture high",IF(L16=1,"alarm + temp low + speed high","else pass")) -> else pass
A17: =Sheet1!A5 -> 4 | B17: =Sheet1!B5 -> 0.35416667 | C17: =Sheet1!C5 -> B-02 | D17: =Sheet1!D5 -> 79.1 | E17: =Sheet1!E5 -> 11.5 | F17: =Sheet1!F5 -> 2.6 | G17: =Sheet1!G5 -> none | H17: =Sheet1!H5 -> A | I17: =Sheet1!I5 -> PASS | J17: =IF(OR(G17="none",G17="-",G17="N/A"),0,1) -> 0 | K17: =IF(E17>=$B$5,1,0) -> 0 | L17: =IF(AND(J17=1,D17<$B$6,F17>=$B$7),1,0) -> 0 | M17: =IF(K17=1,"FAIL",IF(L17=1,"FAIL","PASS")) -> PASS | N17: =IF(M17=I17,"Yes","No") -> Yes | O17: =K17+L17 -> 0 | P17: =IF(K17=1,"moisture high",IF(L17=1,"alarm + temp low + speed high","else pass")) -> else pass
A18: =Sheet1!A6 -> 5 | B18: =Sheet1!B6 -> 0.36111111 | C18: =Sheet1!C6 -> B-02 | D18: =Sheet1!D6 -> 76.8 | E18: =Sheet1!E6 -> 12.7 | F18: =Sheet1!F6 -> 2.5 | G18: =Sheet1!G6 -> A07 | H18: =Sheet1!H6 -> A | I18: =Sheet1!I6 -> FAIL | J18: =IF(OR(G18="none",G18="-",G18="N/A"),0,1) -> 1 | K18: =IF(E18>=$B$5,1,0) -> 0 | L18: =IF(AND(J18=1,D18<$B$6,F18>=$B$7),1,0) -> 0 | M18: =IF(K18=1,"FAIL",IF(L18=1,"FAIL","PASS")) -> PASS | N18: =IF(M18=I18,"Yes","No") -> No | O18: =K18+L18 -> 0 | P18: =IF(K18=1,"moisture high",IF(L18=1,"alarm + temp low + speed high","else pass")) -> else pass
A19: =Sheet1!A7 -> 6 | B19: =Sheet1!B7 -> 0.36805556 | C19: =Sheet1!C7 -> B-02 | D19: =Sheet1!D7 -> 75.9 | E19: =Sheet1!E7 -> 13.1 | F19: =Sheet1!F7 -> 2.5 | G19: =Sheet1!G7 -> A07 | H19: =Sheet1!H7 -> A | I19: =Sheet1!I7 -> FAIL | J19: =IF(OR(G19="none",G19="-",G19="N/A"),0,1) -> 1 | K19: =IF(E19>=$B$5,1,0) -> 1 | L19: =IF(AND(J19=1,D19<$B$6,F19>=$B$7),1,0) -> 0 | M19: =IF(K19=1,"FAIL",IF(L19=1,"FAIL","PASS")) -> FAIL | N19: =IF(M19=I19,"Yes","No") -> Yes | O19: =K19+L19 -> 1 | P19: =IF(K19=1,"moisture high",IF(L19=1,"alarm + temp low + speed high","else pass")) -> moisture high
A20: =Sheet1!A8 -> 7 | B20: =Sheet1!B8 -> 0.375 | C20: =Sheet1!C8 -> B-03 | D20: =Sheet1!D8 -> 74.8 | E20: =Sheet1!E8 -> 13.5 | F20: =Sheet1!F8 -> 2.7 | G20: =Sheet1!G8 -> A15 | H20: =Sheet1!H8 -> A | I20: =Sheet1!I8 -> FAIL | J20: =IF(OR(G20="none",G20="-",G20="N/A"),0,1) -> 1 | K20: =IF(E20>=$B$5,1,0) -> 1 | L20: =IF(AND(J20=1,D20<$B$6,F20>=$B$7),1,0) -> 1 | M20: =IF(K20=1,"FAIL",IF(L20=1,"FAIL","PASS")) -> FAIL | N20: =IF(M20=I20,"Yes","No") -> Yes | O20: =K20+L20 -> 2 | P20: =IF(K20=1,"moisture high",IF(L20=1,"alarm + temp low + speed high","else pass")) -> moisture high
A21: =Sheet1!A9 -> 8 | B21: =Sheet1!B9 -> 0.38194444 | C21: =Sheet1!C9 -> B-03 | D21: =Sheet1!D9 -> 74.5 | E21: =Sheet1!E9 -> 13.4 | F21: =Sheet1!F9 -> 2.7 | G21: =Sheet1!G9 -> A15 | H21: =Sheet1!H9 -> B | I21: =Sheet1!I9 -> FAIL | J21: =IF(OR(G21="none",G21="-",G21="N/A"),0,1) -> 1 | K21: =IF(E21>=$B$5,1,0) -> 1 | L21: =IF(AND(J21=1,D21<$B$6,F21>=$B$7),1,0) -> 1 | M21: =IF(K21=1,"FAIL",IF(L21=1,"FAIL","PASS")) -> FAIL | N21: =IF(M21=I21,"Yes","No") -> Yes | O21: =K21+L21 -> 2 | P21: =IF(K21=1,"moisture high",IF(L21=1,"alarm + temp low + speed high","else pass")) -> moisture high
A22: =Sheet1!A10 -> 9 | B22: =Sheet1!B10 -> 0.38888889 | C22: =Sheet1!C10 -> B-03 | D22: =Sheet1!D10 -> 74.1 | E22: =Sheet1!E10 -> 13 | F22: =Sheet1!F10 -> 2.8 | G22: =Sheet1!G10 -> none | H22: =Sheet1!H10 -> B | I22: =Sheet1!I10 -> FAIL | J22: =IF(OR(G22="none",G22="-",G22="N/A"),0,1) -> 0 | K22: =IF(E22>=$B$5,1,0) -> 1 | L22: =IF(AND(J22=1,D22<$B$6,F22>=$B$7),1,0) -> 0 | M22: =IF(K22=1,"FAIL",IF(L22=1,"FAIL","PASS")) -> FAIL | N22: =IF(M22=I22,"Yes","No") -> Yes | O22: =K22+L22 -> 1 | P22: =IF(K22=1,"moisture high",IF(L22=1,"alarm + temp low + speed high","else pass")) -> moisture high
A23: =Sheet1!A11 -> 10 | B23: =Sheet1!B11 -> 0.39583333 | C23: =Sheet1!C11 -> B-04 | D23: =Sheet1!D11 -> 73.8 | E23: =Sheet1!E11 -> 11.2 | F23: =Sheet1!F11 -> 2.6 | G23: =Sheet1!G11 -> none | H23: =Sheet1!H11 -> C | I23: =Sheet1!I11 -> PASS | J23: =IF(OR(G23="none",G23="-",G23="N/A"),0,1) -> 0 | K23: =IF(E23>=$B$5,1,0) -> 0 | L23: =IF(AND(J23=1,D23<$B$6,F23>=$B$7),1,0) -> 0 | M23: =IF(K23=1,"FAIL",IF(L23=1,"FAIL","PASS")) -> PASS | N23: =IF(M23=I23,"Yes","No") -> Yes | O23: =K23+L23 -> 0 | P23: =IF(K23=1,"moisture high",IF(L23=1,"alarm + temp low + speed high","else pass")) -> else pass
A25: How to use in class: ปรับ threshold ใน B5:B7 แล้วสังเกตว่าคอลัมน์ predicted_qc, actual_match? และ accuracy เปลี่ยนอย่างไร เพื่อให้นักศึกษาเห็นหลักการของ decision tree แบบง่ายๆ ใน Excel
J28: Confusion matrix: เป็นตารางที่ใช้สำหรับประเมินผลการจำแนกประเภทของโมเดล โดยเปรียบเทียบระหว่าง ผลจริง (Actual class) กับ ผลที่โมเดลทำนาย (Predicted class)
J29: เพื่อให้เห็นว่าโมเดลทำนายถูกต้องหรือผิดพลาดในลักษณะใด ไม่ได้พิจารณาเฉพาะความแม่นยำโดยรวมเท่านั้น แต่ยังช่วยให้เราเข้าใจชนิดของความผิดพลาด
J31: Accuracy : สัดส่วนของการทำนายที่ถูกต้องทั้งหมดเมื่อเทียบกับจำนวนข้อมูลทั้งหมด
J33: Sensitivity: สัดส่วนของการทำนายผลบวกที่ถูกต้อง (TP) เมื่อเทียบกับจำนวนผลบวก (TP + FN) ที่เกิดขึ้นจริง
J35: Specificity : สัดส่วนของการทำนายผลลบที่ถูกต้อง (TN) เมื่อเทียบกับจำนวนผลลบที่เกิดขึ้นจริง (TP + FN)
J37: Precision: สัดส่วนของการทำนายผลบวกที่ถูกต้อง (TP) เมื่อเทียบกับจำนวนผลการทำนายที่เป็นบวก (TP + FP)
J39: Negative Predictive Value (NPV) : สัดส่วนของการทำนายผลลบที่ถูกต้อง (TN) เมื่อเทียบกับจำนวนผลการทำนายที่เป็นลบ (TN + FN)
B49: ที่มา: https://encord.com/glossary/confusion-matrix/
